status,GT_Fault,source_name,source_url,expected_twd_name,expected_twd_url,matched_twd_name,matched_twd_url,confidence
CORRECT,NO,ทินเนอร์ TOA BARCO AAA 2 ลิตร,https://www.megahome.co.th/p/15098,ทินเนอร์ BARCO รุ่น AAA ขนาด 1 แกลอน,https://www.thaiwatsadu.com/th/sku/60001580,ทินเนอร์ BARCO รุ่น AAA ขนาด 1 แกลอน,https://www.thaiwatsadu.com/th/sku/60001580,95
CORRECT,NO,ทินเนอร์ BARGO AAA 11 ลิตร (ปี๊ป),https://www.megahome.co.th/p/15099,ทินเนอร์ BARCO รุ่น AAA ขนาด 11 กก. (ปิ๊บ),https://www.thaiwatsadu.com/th/sku/60001575,ทินเนอร์ BARCO รุ่น AAA ขนาด 11 กก. (ปิ๊บ),https://www.thaiwatsadu.com/th/sku/60001575,95
CORRECT,NO,ทินเนอร์ TOA BARGO AAA ขวดใหญ่,https://www.megahome.co.th/p/15097,ทินเนอร์ Barco รุ่น AAA ขนาด ขวดใหญ่,https://www.thaiwatsadu.com/th/sku/60001595,ทินเนอร์ Barco รุ่น AAA ขนาด ขวดใหญ่,https://www.thaiwatsadu.com/th/sku/60001595,95
NOT_FOUND,NO,น้ำมันสน TOA SHARKS 1 แกลลอน,https://www.megahome.co.th/p/15075,น้ำมันสน SHARK รุ่นกระป๋อง ขนาด 2.3 กก. สีใส (#0TUR),https://www.thaiwatsadu.com/th/sku/60001739,,,0
CORRECT,NO,น้ำมันสน TOA SHARKS ขวดใหญ่,https://www.megahome.co.th/p/15074,น้ำมันสน SHARK รุ่นขวดใหญ่ สีใส 0TUR,https://www.thaiwatsadu.com/th/sku/60001746,น้ำมันสน SHARK รุ่นขวดใหญ่ สีใส 0TUR,https://www.thaiwatsadu.com/th/sku/60001746,95
CORRECT,NO,น้ำมันสน TOA SHARKS 1 ปี๊ป,https://www.megahome.co.th/p/15076,น้ำมันสน SHARK รุ่นปิ๊ป ขนาด 11 กก. สีใส (#0TUR),https://www.thaiwatsadu.com/th/sku/60001730,น้ำมันสน SHARK รุ่นปิ๊ป ขนาด 11 กก. สีใส (#0TUR),https://www.thaiwatsadu.com/th/sku/60001730,95
CORRECT,NO,สีรองพื้นปูนเก่า CAPTAIN REPAINT 5 แกลลอน,https://www.megahome.co.th/p/266430,น้ำยาปรับสภาพปูนเก่า REPAINT รุ่น 2000 ขนาด 5 แกลลอน สีขาว,https://www.thaiwatsadu.com/th/sku/60165342,น้ำยาปรับสภาพปูนเก่า REPAINT รุ่น 2000 ขนาด 5 แกลลอน สีขาว,https://www.thaiwatsadu.com/th/sku/60165342,95
CORRECT,NO,ประตูห้องน้ำ UPVC ECO-DOOR PB1 70X200 ซม. สีเทา ทูโทน เจาะลูกบิด,https://www.megahome.co.th/p/1242180,ประตูภายใน UPVC ECO DOOR รุ่น PB1 ขนาด 70 x 200 ซม. สีเทาอ่อนทูโทนเทาเข้ม (เจาะลูกบิด),https://www.thaiwatsadu.com/th/sku/60412569,ประตูภายใน UPVC ECO DOOR รุ่น PB1 ขนาด 70 x 200 ซม. สีเทาอ่อนทูโทนเทาเข้ม (เจาะลูกบิด),https://www.thaiwatsadu.com/th/sku/60412569,100
CORRECT,NO,ประตูห้องน้ำ UPVC ECO-DOOR TLW 70X200 ซม. สีขาว เจาะลูกบิด,https://www.megahome.co.th/p/1234741,ประตูภายนอก UPVC ECO DOOR รุ่น TLW ขนาด 70 x 200 ซม. สีขาว (เจาะลูกบิด),https://www.thaiwatsadu.com/th/sku/60387831,ประตูภายนอก UPVC ECO DOOR รุ่น TLW ขนาด 70 x 200 ซม. สีขาว (เจาะลูกบิด),https://www.thaiwatsadu.com/th/sku/60387831,95
CORRECT,NO,ประตูภายนอก UPVC เจาะลูกบิด ECO-DOOR TLW 80x200 ซม. สีขาว,https://www.megahome.co.th/p/1200774,ประตูภายนอก UPVC ECO DOOR รุ่น TLW ขนาด 80 x 200 ซม. สีขาว (เจาะลูกบิด),https://www.thaiwatsadu.com/th/sku/60387911,ประตูภายนอก UPVC ECO DOOR รุ่น TLW ขนาด 80 x 200 ซม. สีขาว (เจาะลูกบิด),https://www.thaiwatsadu.com/th/sku/60387911,100
CORRECT,NO,ประตูภายนอก UPVC ECO-DOOR UPVC2 80X200 ซม. สีขาว ไม่เจาะลูกบิด,https://www.megahome.co.th/p/1242201,ประตูภายนอก UPVC ECO DOOR รุ่น UPVC2 ขนาด 80 x 200 ซม. สีขาว (ไม่เจาะลูกบิด),https://www.thaiwatsadu.com/th/sku/60255374,ประตูภายนอก UPVC ECO DOOR รุ่น UPVC2 ขนาด 80 x 200 ซม. สีขาว (ไม่เจาะลูกบิด),https://www.thaiwatsadu.com/th/sku/60255374,100
CORRECT,NO,ประตูภายนอก UPVC ECO-DOOR UPVC2C 80X200 ซม. สีขาว ไม่เจาะลูกบิด,https://www.megahome.co.th/p/1242195,ประตูภายนอก UPVC ECO DOOR รุ่น UPVC2C ขนาด 80 x 200 ซม. สีขาว (ไม่เจาะลูกบิด),https://www.thaiwatsadu.com/th/sku/60255377,ประตูภายนอก UPVC ECO DOOR รุ่น UPVC2C ขนาด 80 x 200 ซม. สีขาว (ไม่เจาะลูกบิด),https://www.thaiwatsadu.com/th/sku/60255377,100
CORRECT,NO,ประตูห้องน้ำ UPVC ECO-DOOR PG2 70X200 ซม. สีขาว เจาะลูกบิด,https://www.megahome.co.th/p/1200647,ประตูภายใน UPVC ECO DOOR รุ่น PG2 ขนาด 70 x 200 ซม. สีขาว (เจาะลูกบิด),https://www.thaiwatsadu.com/th/sku/60368107,ประตูภายใน UPVC ECO DOOR รุ่น PG2 ขนาด 70 x 200 ซม. สีขาว (เจาะลูกบิด),https://www.thaiwatsadu.com/th/sku/60368107,100
CORRECT,NO,ประตูห้องน้ำ UPVC ECO-DOOR PD1 70X200 ซม. สีครีมเทา ทูโทน เจาะลูกบิด,https://www.megahome.co.th/p/1242188,ประตูภายใน UPVC ECO DOOR รุ่น PD1 ขนาด 70 x 200 ซม. สีครีมทูโทนเทา (เจาะลูกบิด),https://www.thaiwatsadu.com/th/sku/60416137,ประตูภายใน UPVC ECO DOOR รุ่น PD1 ขนาด 70 x 200 ซม. สีครีมทูโทนเทา (เจาะลูกบิด),https://www.thaiwatsadu.com/th/sku/60416137,100
CORRECT,NO,ประตูบานเลื่อน อะลูมิเนียม S-S มุ้ง WINDOW ASIA F10 160X205 ซม. สีขาว,https://www.megahome.co.th/p/1128473,ประตูอะลูมิเนียมบานเลื่อน FRAMEX รุ่น 2 บาน+มุ้ง SS ขนาด 160 x 205 ซม. สีขาว,https://www.thaiwatsadu.com/th/sku/60277551,ประตูอะลูมิเนียมบานเลื่อน FRAMEX รุ่น 2 บาน+มุ้ง SS ขนาด 160 x 205 ซม. สีขาว,https://www.thaiwatsadu.com/th/sku/60277551,90
CORRECT,NO,ประตูบานเลื่อน อะลูมิเนียม S-S มุ้ง WINDOW ASIA F10 200X205 ซม.สีขาว,https://www.megahome.co.th/p/1164088,ประตูอะลูมิเนียมบานเลื่อน FRAMEX รุ่น 2 บาน+มุ้ง SS ขนาด 200 x 205 ซม. สีขาว,https://www.thaiwatsadu.com/th/sku/60277552,ประตูอะลูมิเนียมบานเลื่อน FRAMEX รุ่น 2 บาน+มุ้ง SS ขนาด 200 x 205 ซม. สีขาว,https://www.thaiwatsadu.com/th/sku/60277552,95
INCORRECT,YES,ประตูบานเลื่อน อะลูมิเนียม S-S มุ้ง WINDOW ASIA F10 200X205 ซม. สีดำ,https://www.megahome.co.th/p/1164089,ประตูอะลูมิเนียมบานเลื่อน FRAMEX รุ่น 2 บาน+มุ้ง SS ขนาด 200 x 205 ซม. สีดำ,https://www.thaiwatsadu.com/th/sku/60277559,ประตูอะลูมิเนียม บานเลื่อน 2 ช่องพร้อมมุ้งลวด WINKING รุ่น WKALBG ขนาด 200 x 205 ซม. สีดำ,https://www.thaiwatsadu.com/th/sku/60364342,95
CORRECT,NO,สีรองพื้นปูนใหม่ CAPTAIN SUPER NANO PRIMER 2.5 แกลลอน,https://www.megahome.co.th/p/1084277,รองพื้นปูนสูตรน้ำ CAPTAIN รุ่น Super Nano ขนาด 2.5 แกลลอน สีขาว,https://www.thaiwatsadu.com/th/sku/60281732,รองพื้นปูนสูตรน้ำ CAPTAIN รุ่น Super Nano ขนาด 2.5 แกลลอน สีขาว,https://www.thaiwatsadu.com/th/sku/60281732,100
CORRECT,NO,วงกบประตู UPVC ECO-DOOR UR-100 70x200 ซม. สีขาว,https://www.megahome.co.th/p/1200636,วงกบประตู UPVC ECO DOOR รุ่น UR-100 ขนาด 70 x 200 ซม. สีขาว,https://www.thaiwatsadu.com/th/sku/60368109,วงกบประตู UPVC ECO DOOR รุ่น UR-100 ขนาด 70 x 200 ซม. สีขาว,https://www.thaiwatsadu.com/th/sku/60368109,100
CORRECT,NO,วงกบประตู UPVC ECO-DOOR UR-100 80x200 ซม. สีขาว,https://www.megahome.co.th/p/1200646,วงกบประตู UPVC ECO DOOR รุ่น UR-100 ขนาด 80 x 200 ซม. สีขาว,https://www.thaiwatsadu.com/th/sku/60368112,วงกบประตู UPVC ECO DOOR รุ่น UR-100 ขนาด 80 x 200 ซม. สีขาว,https://www.thaiwatsadu.com/th/sku/60368112,100
CORRECT,NO,วงกบประตูไม้สังเคราะห์ WPC ECO-DOOR 80x200 ซม. สีโอ๊ค,https://www.megahome.co.th/p/1110489,วงกบประตู WPC ECO DOOR รุ่น OVSM-100 ขนาด 80 x 200 ซม. สีโอ๊ก,https://www.thaiwatsadu.com/th/sku/60281123,วงกบประตู WPC ECO DOOR รุ่น OVSM-100 ขนาด 80 x 200 ซม. สีโอ๊ก,https://www.thaiwatsadu.com/th/sku/60281123,95
CORRECT,NO,วงกบประตูไม้สังเคราะห์ WPC ECO-DOOR WR-100 80x200 ซม. สีขาว,https://www.megahome.co.th/p/1200635,วงกบประตู WPC ECO DOOR รุ่น WR-100 ขนาด 80 x 200 ซม. สีขาว,https://www.thaiwatsadu.com/th/sku/60345723,วงกบประตู WPC ECO DOOR รุ่น WR-100 ขนาด 80 x 200 ซม. สีขาว,https://www.thaiwatsadu.com/th/sku/60345723,100
CORRECT,NO,วงกบประตูไม้สังเคราะห์ WPC ECO-DOOR WVSM-100 70x200 ซม. สีขาว,https://www.megahome.co.th/p/1194269,วงกบประตู WPC ECO DOOR รุ่น WVSM-100 ขนาด 70 x 200 ซม. สีขาว,https://www.thaiwatsadu.com/th/sku/60262060,วงกบประตู WPC ECO DOOR รุ่น WVSM-100 ขนาด 70 x 200 ซม. สีขาว,https://www.thaiwatsadu.com/th/sku/60262060,100
INCORRECT,YES,วงกบประตูไม้สังเคราะห์ WPC ECO-DOOR 80x200 ซม. สีขาว,https://www.megahome.co.th/p/1110609,วงกบประตู WPC ECO DOOR รุ่น WVSM-100 ขนาด 80 x 200 ซม. สีขาว,https://www.thaiwatsadu.com/th/sku/60262061,วงกบประตู WPC ECO DOOR รุ่น WR-100 ขนาด 80 x 200 ซม. สีขาว,https://www.thaiwatsadu.com/th/sku/60345723,100
CORRECT,NO,สีน้ำทาฝ้า BEGER DELIGHT TITANIUM I-4444 สีเทา ด้าน 5 แกลลอน,https://www.megahome.co.th/p/1119435,สีทาฝ้าเพดาน Delight BEGER I-4444 ขนาด 5 แกลอน สี Smoky White,https://www.thaiwatsadu.com/th/sku/60151880,สีทาฝ้าเพดาน Delight BEGER I-4444 ขนาด 5 แกลอน สี Smoky White,https://www.thaiwatsadu.com/th/sku/60151880,95
CORRECT,NO,สีน้ำทาฝ้า BEGER DELIGHT TITANIUM I-3333 สีขาว ด้าน 5 แกลลอน,https://www.megahome.co.th/p/1119436,สีทาฝ้าเพดาน Delight BEGER รุ่น I-3333 ขนาด 5 แกลอน สีขาว,https://www.thaiwatsadu.com/th/sku/60114195,สีทาฝ้าเพดาน Delight BEGER รุ่น I-3333 ขนาด 5 แกลอน สีขาว,https://www.thaiwatsadu.com/th/sku/60114195,100
CORRECT,NO,สีน้ำทาภายนอก ชนิดกึ่งเงา CAPTAIN LONGLIFESHIELDPLUS BASE A 2.5 แกลลอน,https://www.megahome.co.th/p/1249239,สีน้ำกึ่งเงา ภายนอก CAPTAIN รุ่น LONGLIFE SHIELD+ ขนาด 2.5 แกลลอน สีเบส A,https://www.thaiwatsadu.com/th/sku/60399960,สีน้ำกึ่งเงา ภายนอก CAPTAIN รุ่น LONGLIFE SHIELD+ ขนาด 2.5 แกลลอน สีเบส A,https://www.thaiwatsadu.com/th/sku/60399960,100
CORRECT,NO,สีน้ำทาภายนอก NIPPON PAINT SUPER SERVE BASE A กึ่งเงา 2.5 แกลลอน,https://www.megahome.co.th/p/1236126,สีน้ำกึ่งเงา ภายนอก NIPPON รุ่น ซุปเปอร์เซิฟ ขนาด 2.5 แกลลอน สีเบส A,https://www.thaiwatsadu.com/th/sku/60381992,สีน้ำกึ่งเงา ภายนอก NIPPON รุ่น ซุปเปอร์เซิฟ ขนาด 2.5 แกลลอน สีเบส A,https://www.thaiwatsadu.com/th/sku/60381992,100
CORRECT,NO,สีน้ำทาภายนอก NIPPON PAINT VINILEX BASE A SG 2.5GL,https://www.megahome.co.th/p/1097900,สีน้ำกึ่งเงา ภายนอก NIPPON รุ่น วีนิเลกซ์ ขนาด 2.5 แกลลอน สีเบส A,https://www.thaiwatsadu.com/th/sku/60293824,สีน้ำกึ่งเงา ภายนอก NIPPON รุ่น วีนิเลกซ์ ขนาด 2.5 แกลลอน สีเบส A,https://www.thaiwatsadu.com/th/sku/60293824,100
CORRECT,NO,สีน้ำทาภายนอก JBP FUTURESHIELD BASE A กึ่งเงา 2.5 แกลลอน,https://www.megahome.co.th/p/1047666,สีน้ำทาภายนอก JBP SG รุ่น FUTURESHIELD ขนาด 2.5 แกลลอน สีเบส A,https://www.thaiwatsadu.com/th/sku/60303261,สีน้ำทาภายนอก JBP SG รุ่น FUTURESHIELD ขนาด 2.5 แกลลอน สีเบส A,https://www.thaiwatsadu.com/th/sku/60303261,100
CORRECT,NO,สีน้ำทาภายนอก ชนิดกึ่งเงา JBP FUTURESHIELD BASE B สีขาว 2.5 แกลลอน,https://www.megahome.co.th/p/1047469,สีน้ำทาภายนอก SG JBP รุ่น FUTURESHIELD ขนาด 2.5 แกลลอน สีเบส B,https://www.thaiwatsadu.com/th/sku/60303285,สีน้ำทาภายนอก SG JBP รุ่น FUTURESHIELD ขนาด 2.5 แกลลอน สีเบส B,https://www.thaiwatsadu.com/th/sku/60303285,100
CORRECT,NO,สีน้ำทาภายนอก ชนิดกึ่งเงา JBP FUTURESHIELD BASE C สีขาว 2.5 แกลลอน,https://www.megahome.co.th/p/1060226,สีน้ำทาภายนอก SG JBP รุ่น FUTURESHIELD ขนาด 2.5 แกลลอน สีเบส C,https://www.thaiwatsadu.com/th/sku/60303286,สีน้ำทาภายนอก SG JBP รุ่น FUTURESHIELD ขนาด 2.5 แกลลอน สีเบส C,https://www.thaiwatsadu.com/th/sku/60303286,100
CORRECT,NO,สีน้ำทาภายนอก JBP SMART COAT BASE A กึ่งเงา 2.5 แกลลอน,https://www.megahome.co.th/p/1047600,สีน้ำทาภายนอก SG JBP รุ่น SMART COAT ขนาด 2.5 แกลลอน สีเบส A,https://www.thaiwatsadu.com/th/sku/60303307,สีน้ำทาภายนอก SG JBP รุ่น SMART COAT ขนาด 2.5 แกลลอน สีเบส A,https://www.thaiwatsadu.com/th/sku/60303307,100
CORRECT,NO,สีน้ำทาภายนอก ชนิดเนียน JBP FUTURESHIELD BASE A สีขาว 2.5 แกลลอน,https://www.megahome.co.th/p/1047579,สีน้ำทาภายนอก SH JBP FUTURESHIELD ขนาด 2.5 แกลลอน สีเบส A,https://www.thaiwatsadu.com/th/sku/60303290,สีน้ำทาภายนอก SH JBP FUTURESHIELD ขนาด 2.5 แกลลอน สีเบส A,https://www.thaiwatsadu.com/th/sku/60303290,100
CORRECT,NO,สีน้ำทาภายนอก DULUX WEATHERSHIELD POWERFLEXX BASE A สีขาว เนียน 9 ลิตร,https://www.megahome.co.th/p/1030422,สีน้ำทาภายนอก กึ่งเงา DULUX รุ่น เวเธอร์ชีลด์ พาวเวอร์เฟล็ก ขนาด 9 ลิตร สีเบส A #PFSG,https://www.thaiwatsadu.com/th/sku/60267827,สีน้ำทาภายนอก กึ่งเงา DULUX รุ่น เวเธอร์ชีลด์ พาวเวอร์เฟล็ก ขนาด 9 ลิตร สีเบส A #PFSG,https://www.thaiwatsadu.com/th/sku/60267827,95
CORRECT,NO,สีน้ำทาภายนอก DULUX WEATHERSHIELD ULTIMA ADVANCE BASE A กึ่งเงา 2.5 แกลลอน,https://www.megahome.co.th/p/1193009,สีน้ำทาภายนอก กึ่งเงา DULUX รุ่น เวเธ่อร์ชีลด์ แอดวานซ์ ขนาด 9 ลิตร สีเบส A,https://www.thaiwatsadu.com/th/sku/60363150,สีน้ำทาภายนอก กึ่งเงา DULUX รุ่น เวเธ่อร์ชีลด์ แอดวานซ์ ขนาด 9 ลิตร สีเบส A,https://www.thaiwatsadu.com/th/sku/60363150,95
CORRECT,NO,สีน้ำทาภายนอก ชนิดเนียน DULUX WEATHERSHIELD ULTIMA ADVANCE BASE A สีขาว 2.5 แกลลอน,https://www.megahome.co.th/p/1193012,สีน้ำทาภายนอก เนียน DULUX รุ่น เวเธ่อร์ชีลด์ แอดวานซ์ ขนาด 9 ลิตร สีเบส A,https://www.thaiwatsadu.com/th/sku/60363187,สีน้ำทาภายนอก เนียน DULUX รุ่น เวเธ่อร์ชีลด์ แอดวานซ์ ขนาด 9 ลิตร สีเบส A,https://www.thaiwatsadu.com/th/sku/60363187,95
CORRECT,NO,สีน้ำทาภายนอก ชนิดกึ่งเงา DULUX SUPERCOTE NANOTEX BASE A 9 ลิตร,https://www.megahome.co.th/p/1017405,สีน้ำทาภายนอกชนิดกึ่งเงา DULUX SUPERCOTE NANOTEX ขนาด 9 ลิตร A915 เบส A,https://www.thaiwatsadu.com/th/sku/60233486,สีน้ำทาภายนอกชนิดกึ่งเงา DULUX SUPERCOTE NANOTEX ขนาด 9 ลิตร A915 เบส A,https://www.thaiwatsadu.com/th/sku/60233486,100
CORRECT,NO,สีน้ำทาภายใน DULUX EASY CARE PLUS BASE A สีขาว กึ่งเงา 9 ลิตร,https://www.megahome.co.th/p/1029536,สีน้ำทาภายใน กึ่งเงา DULUX ดูลักซ์ อีซี่แคร์ พลัส ขนาด 9 ลิตร สีเบส A #A909Plus,https://www.thaiwatsadu.com/th/sku/60269510,สีน้ำทาภายใน กึ่งเงา DULUX ดูลักซ์ อีซี่แคร์ พลัส ขนาด 9 ลิตร สีเบส A #A909Plus,https://www.thaiwatsadu.com/th/sku/60269510,95
CORRECT,NO,สีน้ำทาภายนอก NIPPON PAINT WEATHERBONDFLEX 9L SG BASE A,https://www.megahome.co.th/p/1170102,สีน้ำภายนอก NIPPON รุ่น เวเธอร์บอนด์ กึ่งเงา ขนาด 9 ลิตร เบส A,https://www.thaiwatsadu.com/th/sku/60336113,สีน้ำภายนอก NIPPON รุ่น เวเธอร์บอนด์ กึ่งเงา ขนาด 9 ลิตร เบส A,https://www.thaiwatsadu.com/th/sku/60336113,95
INCORRECT,YES,สีน้ำทาภายนอก NIPPON PAINT WEATHERBONDSHEEN BASE A 9L,https://www.megahome.co.th/p/1170148,สีน้ำภายนอก NIPPON รุ่น เวเธอร์บอนด์ เนียน ขนาด 9 ลิตร เบส A,https://www.thaiwatsadu.com/th/sku/60336105,สีน้ำภายนอก NIPPON รุ่น เวเธอร์บอนด์ กึ่งเงา ขนาด 9 ลิตร เบส A,https://www.thaiwatsadu.com/th/sku/60336113,95
CORRECT,NO,สีน้ำทาภายนอก DELTA SHIELD PLUS BASE A กึ่งเงา 2.5 แกลลอน,https://www.megahome.co.th/p/1099881,สีน้ำภายนอก กึ่งเงา DELTA รุ่น Deltashield+ ขนาด 2.5 แกลลอน สีเบส A,https://www.thaiwatsadu.com/th/sku/60294000,สีน้ำภายนอก กึ่งเงา DELTA รุ่น Deltashield+ ขนาด 2.5 แกลลอน สีเบส A,https://www.thaiwatsadu.com/th/sku/60294000,95
CORRECT,NO,สีน้ำทาภายนอก ชนิดกึ่งเงา JBP SMART SHIELD-X BASE A 2.5 แกลลอน,https://www.megahome.co.th/p/1250408,สีน้ำภายนอก กึ่งเงา JBP รุ่น Smart Shield-X ขนาด 2.5 แกลลอน สีเบส A,https://www.thaiwatsadu.com/th/sku/60403996,สีน้ำภายนอก กึ่งเงา JBP รุ่น Smart Shield-X ขนาด 2.5 แกลลอน สีเบส A,https://www.thaiwatsadu.com/th/sku/60403996,100
CORRECT,NO,สีน้ำทาภายนอก BEGER BEN-TONE PLUS 001 สี COOL WHITE กึ่งเงา 5 แกลลอน,https://www.megahome.co.th/p/1246543,สีน้ำภายนอก ชนิดกึ่งเงา BEGER รุ่น BEN-TONE PLUS ขนาด 5 แกลลอน สี Cool White #SG-001,https://www.thaiwatsadu.com/th/sku/60394552,สีน้ำภายนอก ชนิดกึ่งเงา BEGER รุ่น BEN-TONE PLUS ขนาด 5 แกลลอน สี Cool White #SG-001,https://www.thaiwatsadu.com/th/sku/60394552,100
CORRECT,NO,สีน้ำทาภายนอก ชนิดกึ่งเงา BEGERCOOL ALL PLUS 4400 สีขาว 5 แกลลอน,https://www.megahome.co.th/p/222550,สีน้ำกึ่งเงา ภายนอก 5 แกลลอน BEGER รุ่น COOL ALL PLUS #4400 สีขาว,https://www.thaiwatsadu.com/th/sku/60331595,สีน้ำกึ่งเงา ภายนอก 5 แกลลอน BEGER รุ่น COOL ALL PLUS #4400 สีขาว,https://www.thaiwatsadu.com/th/sku/60331595,100
CORRECT,NO,สีน้ำทาภายนอก DELTA SHIELD 4D BASE A กึ่งเงา 2.5 แกลลอน,https://www.megahome.co.th/p/1224471,สีน้ำภายนอก ชนิดกึ่งเงา DELTA รุ่น Shield 4D ขนาด 2.5 แกลลอน สีเบส A,https://www.thaiwatsadu.com/th/sku/60376906,สีน้ำภายนอก ชนิดกึ่งเงา DELTA รุ่น Shield 4D ขนาด 2.5 แกลลอน สีเบส A,https://www.thaiwatsadu.com/th/sku/60376906,95
CORRECT,NO,สีน้ำทาภายนอก ชนิดกึ่งเงา DULUX INSPIRE BASE A สีขาว 9 ลิตร,https://www.megahome.co.th/p/1246634,สีน้ำภายนอก ชนิดกึ่งเงา DULUX รุ่น INSPIRE ขนาด 9 ลิตร สีเบส A,https://www.thaiwatsadu.com/th/sku/60404003,สีน้ำภายนอก ชนิดกึ่งเงา DULUX รุ่น INSPIRE ขนาด 9 ลิตร สีเบส A,https://www.thaiwatsadu.com/th/sku/60404003,100
CORRECT,NO,สีน้ำทาภายนอก JOTUN JOTASHIELD ULTRA CLEAN BASE A เนียน 9 ลิตร,https://www.megahome.co.th/p/1173770,สีน้ำภายนอก ด้าน JOTUN รุ่นโจตาชิลด์อัลตร้าคลีน ขนาด 9 ลิตร สีเบส A,https://www.thaiwatsadu.com/th/sku/60343953,สีน้ำภายนอก ด้าน JOTUN รุ่นโจตาชิลด์อัลตร้าคลีน ขนาด 9 ลิตร สีเบส A,https://www.thaiwatsadu.com/th/sku/60343953,100
CORRECT,NO,สีน้ำทาภายนอก JOTUN JOTASHIELD ULTRA CLEAN BASE B เนียน 9 ลิตร,https://www.megahome.co.th/p/1173690,สีน้ำภายนอก ด้าน JOTUN รุ่นโจตาชิลด์อัลตร้าคลีน ขนาด 9 ลิตร สีเบส B,https://www.thaiwatsadu.com/th/sku/60343955,สีน้ำภายนอก ด้าน JOTUN รุ่นโจตาชิลด์อัลตร้าคลีน ขนาด 9 ลิตร สีเบส B,https://www.thaiwatsadu.com/th/sku/60343955,100
CORRECT,NO,สีน้ำทาภายนอก NIPPON PAINT JUNIOR99 สีขาว ด้าน 5 แกลลอน,https://www.megahome.co.th/p/1022249,สีน้ำภายนอก ด้าน NIPPON รุ่น จูเนียร์ 99 ขนาด 17.5 ลิตร. สี 900 ขาว,https://www.thaiwatsadu.com/th/sku/60193816,สีน้ำภายนอก ด้าน NIPPON รุ่น จูเนียร์ 99 ขนาด 17.5 ลิตร. สี 900 ขาว,https://www.thaiwatsadu.com/th/sku/60193816,100
CORRECT,NO,สีน้ำทาภายนอก ชนิดกึ่งเงา CAPTAIN MARK M910 สีขาว 17.5 ลิตร,https://www.megahome.co.th/p/1234089,สีน้ำภายนอกกึ่งเงา CAPTAIN รุ่น MARK ขนาด 5 แกลลอน สีขาว (M910),https://www.thaiwatsadu.com/th/sku/60327742,สีน้ำภายนอกกึ่งเงา CAPTAIN รุ่น MARK ขนาด 5 แกลลอน สีขาว (M910),https://www.thaiwatsadu.com/th/sku/60327742,100
INCORRECT,YES,สีน้ำทาภายนอก ชนิดกึ่งเงา JOTUN JOTASHIELD ANTIFADE BASE A 2.5 แกลลอน,https://www.megahome.co.th/p/1103963,สีน้ำภายนอกกึ่งเงา JOTUN รุ่น JOTASHIELD AF ขนาด 9 ลิตร สีเบส A,https://www.thaiwatsadu.com/th/sku/60222798,สีน้ำภายนอกเนียน JOTUN รุ่น โจตาชิลด์เฟล็กซ์ ขนาด 2.5 แกลลอน สีเบส A,https://www.thaiwatsadu.com/th/sku/60000823,85
CORRECT,NO,สีน้ำทาภายนอก ชนิดกึ่งเงา JOTUN JOTASHIELD ANTIFADE BASE B 2.5 แกลลอน,https://www.megahome.co.th/p/1103944,สีน้ำภายนอกกึ่งเงา JOTUN รุ่น JOTASHIELD AF ขนาด 9 ลิตร สีเบส B,https://www.thaiwatsadu.com/th/sku/60222800,สีน้ำภายนอกกึ่งเงา JOTUN รุ่น JOTASHIELD AF ขนาด 9 ลิตร สีเบส B,https://www.thaiwatsadu.com/th/sku/60222800,90
INCORRECT,YES,สีน้ำทาภายนอก ชนิดกึ่งเงา JOTUN JOTASHIELD ANTIFADE BASE C 2.5 แกลลอน,https://www.megahome.co.th/p/1104245,สีน้ำภายนอกกึ่งเงา JOTUN รุ่น JOTASHIELD AF ขนาด 9 ลิตร สีเบส C,https://www.thaiwatsadu.com/th/sku/60222802,สีน้ำภายนอกเนียน JOTUN รุ่น โจตาชิลด์เฟล็กซ์ ขนาด 2.5 แกลลอน สีเบส A,https://www.thaiwatsadu.com/th/sku/60000823,85
INCORRECT,YES,สีน้ำทาภายนอก ชนิดกึ่งเงา JOTUN TOUGH SHIELD MAX BASE A สีขาว 9 ลิตร,https://www.megahome.co.th/p/1195103,สีน้ำภายนอกกึ่งเงา JOTUN รุ่น TOUGH SHIELD MAX ขนาด 2.5 แกลลอน สีเบส A,https://www.thaiwatsadu.com/th/sku/60364246,สีน้ำภายนอกด้าน JOTUN รุ่น TOUGH SHIELD MAX ขนาด 2.5 แกลลอน สีเบส A,https://www.thaiwatsadu.com/th/sku/60364254,90
INCORRECT,YES,สีน้ำทาภายนอก ชนิดกึ่งเงา JOTUN TOUGH SHIELD BASE A สีขาว 9 ลิตร,https://www.megahome.co.th/p/1195079,สีน้ำภายนอกกึ่งเงา JOTUN รุ่น TOUGH SHIELD ขนาด 2.5 แกลลอน สีเบส A,https://www.thaiwatsadu.com/th/sku/60364353,สีน้ำภายนอก ชนิดกึ่งเงา JOTUN รุ่น JOTASHIELD INFINITY ขนาด 9 ลิตร สีเบส A,https://www.thaiwatsadu.com/th/sku/60410712,95
CORRECT,NO,สีน้ำทาภายใน NIPPON PAINT AIR CARE BASE A กึ่งเงา 2.5 แกลลอน,https://www.megahome.co.th/p/1170419,สีน้ำภายใน NIPPON รุ่น แอร์แคร์ กึ่งเงา ขนาด 2.5 แกลลอน สีเบส A,https://www.thaiwatsadu.com/th/sku/60336012,สีน้ำภายใน NIPPON รุ่น แอร์แคร์ กึ่งเงา ขนาด 2.5 แกลลอน สีเบส A,https://www.thaiwatsadu.com/th/sku/60336012,100
CORRECT,NO,สีน้ำทาภายใน BEGER BEGERSHIELD EASY CLEAN & CARE BASE A กึ่งเงา 2.5 แกลลอน,https://www.megahome.co.th/p/1247077,สีน้ำกึ่งเงา ภายใน 9 ลิตร BEGER รุ่น EASY CLEAN&CARE สีเบส A,https://www.thaiwatsadu.com/th/sku/60386126,สีน้ำกึ่งเงา ภายใน 9 ลิตร BEGER รุ่น EASY CLEAN&CARE สีเบส A,https://www.thaiwatsadu.com/th/sku/60386126,100
CORRECT,NO,สีน้ำทาภายใน ชนิดกึ่งเงา DULUX INSPIRE BASE A 9 ลิตร,https://www.megahome.co.th/p/1246593,สีน้ำภายใน ชนิดกึ่งเงา DULUX รุ่น INSPIRE ขนาด 9 ลิตร สีเบส A,https://www.thaiwatsadu.com/th/sku/60404037,สีน้ำภายใน ชนิดกึ่งเงา DULUX รุ่น INSPIRE ขนาด 9 ลิตร สีเบส A,https://www.thaiwatsadu.com/th/sku/60404037,100
CORRECT,NO,สีน้ำทาภายใน JOTUN ESSENCE COVER PLUS BASE A กึ่งเงา 9 ลิตร,https://www.megahome.co.th/p/1165080,สีน้ำภายใน ชนิดกึ่งเงา JOTUN รุ่น Essence Cover Plus ขนาด 9 ลิตร สีเบส A,https://www.thaiwatsadu.com/th/sku/60331247,สีน้ำภายใน ชนิดกึ่งเงา JOTUN รุ่น Essence Cover Plus ขนาด 9 ลิตร สีเบส A,https://www.thaiwatsadu.com/th/sku/60331247,100
CORRECT,NO,สีน้ำทาภายใน JOTUN MAJESTIC SENSE BASE A เนียน 9 ลิตร,https://www.megahome.co.th/p/1220716,สีน้ำภายใน ชนิดเนียน JOTUN รุ่น Majestic Sense ขนาด 2.5 แกลลอน สีเบส A,https://www.thaiwatsadu.com/th/sku/60375475,สีน้ำภายใน ชนิดเนียน JOTUN รุ่น Majestic Sense ขนาด 2.5 แกลลอน สีเบส A,https://www.thaiwatsadu.com/th/sku/60375475,90
CORRECT,NO,สีน้ำทาภายใน JOTUN JOTAPLAST BASE A ด้าน 2.5 แกลลอน,https://www.megahome.co.th/p/1157909,สีน้ำภายใน ด้าน JOTUN รุ่น JOTAPLAST ขนาด 9 ลิตร สีเบส A,https://www.thaiwatsadu.com/th/sku/60326007,สีน้ำภายใน ด้าน JOTUN รุ่น JOTAPLAST ขนาด 9 ลิตร สีเบส A,https://www.thaiwatsadu.com/th/sku/60326007,95
INCORRECT,YES,สีน้ำทาฝ้า BEGER AIR FRESH PG-1000 ด้าน 9 ลิตร สีขาว,https://www.megahome.co.th/p/1157804,สีน้ำกึ่งเงา ภายใน 9 ลิตร BEGER รุ่น AIRFRESH GOLD ION สีเบส A,https://www.thaiwatsadu.com/th/sku/60324898,สีทาฝ้าเพดาน Delight BEGER รุ่น I-3333 ขนาด 5 แกลอน สีขาว,https://www.thaiwatsadu.com/th/sku/60114195,90
CORRECT,NO,สีน้ำทาภายใน ชนิดกึ่งเงา CAPTAIN FRESHI CLEAN CHARCOAL CLEAN BASE A สีขาว 2.5 แกลลอน,https://www.megahome.co.th/p/1018111,สีน้ำภายในกึ่งเงา CAPTAIN รุ่น Freshiclean ขนาด 2.5 แกลลอน สี เบส A,https://www.thaiwatsadu.com/th/sku/60237296,สีน้ำภายในกึ่งเงา CAPTAIN รุ่น Freshiclean ขนาด 2.5 แกลลอน สี เบส A,https://www.thaiwatsadu.com/th/sku/60237296,100
CORRECT,NO,สีน้ำทาภายใน Jotun Essence Easy Clean BASE A กึ่งเงา 2.5 แกลลอน,https://www.megahome.co.th/p/1042185,สีน้ำภายในกึ่งเงา JOTUN รุ่น ESSENCE EASY CLEAN SEMIGLOSS ขนาด 2.5 แกลลอน สีเบส A,https://www.thaiwatsadu.com/th/sku/60254089,สีน้ำภายในกึ่งเงา JOTUN รุ่น ESSENCE EASY CLEAN SEMIGLOSS ขนาด 2.5 แกลลอน สีเบส A,https://www.thaiwatsadu.com/th/sku/60254089,100
CORRECT,NO,สีน้ำทาภายใน JOTUN MAJESTIC TRUE BEAUTY BASE A กึ่งเงา 2.5 แกลลอน,https://www.megahome.co.th/p/1146419,สีน้ำภายในกึ่งเงา JOTUN รุ่น MAJESTIC TRUE BEAUTY ขนาด 2.5 แกลลอน สีเบส A,https://www.thaiwatsadu.com/th/sku/60243327,สีน้ำภายในกึ่งเงา JOTUN รุ่น MAJESTIC TRUE BEAUTY ขนาด 2.5 แกลลอน สีเบส A,https://www.thaiwatsadu.com/th/sku/60243327,100
CORRECT,NO,สีน้ำทาภายนอก BEGER NANO1 SHIELD BASE A กึ่งเงา 9 ลิตร,https://www.megahome.co.th/p/1057856,สีน้ำกึ่งเงา ภายนอก 9 ลิตร BEGER รุ่น NANO-1 SHIELD สีเบส A,https://www.thaiwatsadu.com/th/sku/60262265,สีน้ำกึ่งเงา ภายนอก 9 ลิตร BEGER รุ่น NANO-1 SHIELD สีเบส A,https://www.thaiwatsadu.com/th/sku/60262265,100
CORRECT,NO,สีน้ำทาภายนอก BEGER NANO1 SHIELD BASE B กึ่งเงา 9 ลิตร,https://www.megahome.co.th/p/1057857,สีน้ำกึ่งเงา ภายนอก 9 ลิตร BEGER รุ่น NANO-1 SHIELD สีเบส B,https://www.thaiwatsadu.com/th/sku/60262266,สีน้ำกึ่งเงา ภายนอก 9 ลิตร BEGER รุ่น NANO-1 SHIELD สีเบส B,https://www.thaiwatsadu.com/th/sku/60262266,100
CORRECT,NO,สีน้ำทาภายนอก BEGER CoolDiamondd 10 BASE A กึ่งเงา 2.5 แกลลอน,https://www.megahome.co.th/p/238016,สีน้ำกึ่งเงา ภายนอก 9 ลิตร BEGER รุ่น COOL DIAMONDSHIELD เกรด 10 ปี สีเบส A,https://www.thaiwatsadu.com/th/sku/60142868,สีน้ำกึ่งเงา ภายนอก 9 ลิตร BEGER รุ่น COOL DIAMONDSHIELD เกรด 10 ปี สีเบส A,https://www.thaiwatsadu.com/th/sku/60142868,95
CORRECT,NO,สีน้ำทาภายนอก BEGER Cool DiamondShield 10 BASE B กึ่งเงา 2.5 แกลลอน,https://www.megahome.co.th/p/238018,สีน้ำกึ่งเงา ภายนอก 9 ลิตร BEGER รุ่น COOL DIAMONDSHIELD เกรด 10 ปี สีเบส B,https://www.thaiwatsadu.com/th/sku/60142869,สีน้ำกึ่งเงา ภายนอก 9 ลิตร BEGER รุ่น COOL DIAMONDSHIELD เกรด 10 ปี สีเบส B,https://www.thaiwatsadu.com/th/sku/60142869,95
CORRECT,NO,สีน้ำทาภายนอก BEGER Cool DiamondShield 10 BASE C กึ่งเงา 2.5 แกลลอน,https://www.megahome.co.th/p/238020,สีน้ำกึ่งเงา ภายนอก 9 ลิตร BEGER รุ่น COOL DIAMONDSHIELD เกรด 10 ปี สีเบส C,https://www.thaiwatsadu.com/th/sku/60142870,สีน้ำกึ่งเงา ภายนอก 9 ลิตร BEGER รุ่น COOL DIAMONDSHIELD เกรด 10 ปี สีเบส C,https://www.thaiwatsadu.com/th/sku/60142870,100
CORRECT,NO,สีน้ำทาภายนอก BEGER Cool DiamondShield 10 BASE D กึ่งเงา 2.5 แกลลอน,https://www.megahome.co.th/p/238022,สีน้ำกึ่งเงา ภายนอก 9 ลิตร BEGER รุ่น COOL DIAMONDSHIELD เกรด 10 ปี สีเบส D,https://www.thaiwatsadu.com/th/sku/60142871,สีน้ำกึ่งเงา ภายนอก 9 ลิตร BEGER รุ่น COOL DIAMONDSHIELD เกรด 10 ปี สีเบส D,https://www.thaiwatsadu.com/th/sku/60142871,95
INCORRECT,YES,สีน้ำทาภายนอก ชนิดกึ่งเงา BEGER COOL DIAMONDSHIELD 15 BASE A 2.5 แกลลอน,https://www.megahome.co.th/p/1050126,สีน้ำเนียน ภายนอก 9 ลิตร BEGER รุ่น COOL DIAMONDSHIELD เกรด 15 ปี สีเบส A,https://www.thaiwatsadu.com/th/sku/60262257,สีน้ำกึ่งเงา ภายนอก 9 ลิตร BEGER รุ่น COOL DIAMONDSHIELD เกรด 15 ปี สีเบส A,https://www.thaiwatsadu.com/th/sku/60262249,95
CORRECT,NO,สีน้ำทาภายนอก ชนิดกึ่งเงา BEGER COOL DIAMONDSHIELD 15 BASE B 9 ลิตร,https://www.megahome.co.th/p/1050136,สีน้ำกึ่งเงา ภายนอก 9 ลิตร BEGER รุ่น COOL DIAMONDSHIELD เกรด 15 ปี สีเบส B,https://www.thaiwatsadu.com/th/sku/60262250,สีน้ำกึ่งเงา ภายนอก 9 ลิตร BEGER รุ่น COOL DIAMONDSHIELD เกรด 15 ปี สีเบส B,https://www.thaiwatsadu.com/th/sku/60262250,100
CORRECT,NO,สีน้ำทาภายนอก ชนิดกึ่งเงา BEGER COOL DIAMONDSHIELD 15 BASE C 2.5 แกลลอน,https://www.megahome.co.th/p/1050212,สีน้ำกึ่งเงา ภายนอก 9 ลิตร BEGER รุ่น COOL DIAMONDSHIELD เกรด 15 ปี สีเบส C,https://www.thaiwatsadu.com/th/sku/60262251,สีน้ำกึ่งเงา ภายนอก 9 ลิตร BEGER รุ่น COOL DIAMONDSHIELD เกรด 15 ปี สีเบส C,https://www.thaiwatsadu.com/th/sku/60262251,95
CORRECT,NO,สีน้ำทาภายนอก ชนิดกึ่งเงา BEGER COOL DIAMONDSHIELD 15 BASE D 2.5 แกลลอน,https://www.megahome.co.th/p/1050056,สีน้ำกึ่งเงา ภายนอก 9 ลิตร BEGER รุ่น COOL DIAMONDSHIELD เกรด 15 ปี สีเบส D,https://www.thaiwatsadu.com/th/sku/60262252,สีน้ำกึ่งเงา ภายนอก 9 ลิตร BEGER รุ่น COOL DIAMONDSHIELD เกรด 15 ปี สีเบส D,https://www.thaiwatsadu.com/th/sku/60262252,95
INCORRECT,YES,สีน้ำทาภายนอก DELTA NATIONAL SHIELD BASE A กึ่งเงา 2.5 แกลลอน,https://www.megahome.co.th/p/1099871,สีน้ำอะคริลิกกึ่งเงา NATIONAL SHIELD รุ่น เบส A ขนาด 2.5 แกลลอน สีเบส A,https://www.thaiwatsadu.com/th/sku/60284265,สีน้ำภายนอก ชนิดกึ่งเงา DELTA รุ่น Shield 4D ขนาด 2.5 แกลลอน สีเบส A,https://www.thaiwatsadu.com/th/sku/60376906,95
INCORRECT,YES,สีน้ำทาภายนอก BEGERCOOL DIAMONDSHIELD 15 #SW-8800 สี SUPER WHITE เนียน 2.5 แกลลอน,https://www.megahome.co.th/p/1220581,สีน้ำกึ่งเงา ภายนอก 9 ลิตร BEGER รุ่น COOL DIAMONDSHIELD เกรด 15 ปี GW8800 สีซูเปอร์ไวท์,https://www.thaiwatsadu.com/th/sku/60373366,สีน้ำกึ่งเงา เนียน ภายนอก 9 ลิตร BEGER รุ่น COOL DIAMONDSHIELD เกรด 15 ปี SW8800 สีซูเปอร์ไวท์,https://www.thaiwatsadu.com/th/product/60373368,95
CORRECT,NO,สีน้ำทาภายนอก ชนิดกึ่งเงา NIPPON PAINT HYBRIDSHIELD BASE A สีขาว 2.5 แกลลอน,https://www.megahome.co.th/p/1142432,สีภายนอกไฮบริดชิลด์กึ่งเงา NIPPON รุ่น HYBRIDSHIELD SG ขนาด 2.5 แกลลอน สีเบส A,https://www.thaiwatsadu.com/th/sku/60316887,สีภายนอกไฮบริดชิลด์กึ่งเงา NIPPON รุ่น HYBRIDSHIELD SG ขนาด 2.5 แกลลอน สีเบส A,https://www.thaiwatsadu.com/th/sku/60316887,95
CORRECT,NO,สีน้ำทาภายใน DELTA CLEAN&CARE BASE A กึ่งเงา 2.5 แกลลอน,https://www.megahome.co.th/p/1165369,สีภายใน กึ่งเงา DELTA รุ่น Clean & Care ขนาด 2.5 แกลลอน สีเบส A,https://www.thaiwatsadu.com/th/sku/60302686,สีภายใน กึ่งเงา DELTA รุ่น Clean & Care ขนาด 2.5 แกลลอน สีเบส A,https://www.thaiwatsadu.com/th/sku/60302686,100
CORRECT,NO,สีน้ำทาภายใน NIPPON PAINT HYBRIDSHIELD BASE A กึ่งเงา 2.5 แกลลอน,https://www.megahome.co.th/p/1142340,สีภายในไฮบริดชิลด์กึ่งเงา NIPPON รุ่น HYBRIDSHIELD SG ขนาด 2.5 แกลลอน สีเบส A,https://www.thaiwatsadu.com/th/sku/60316874,สีภายในไฮบริดชิลด์กึ่งเงา NIPPON รุ่น HYBRIDSHIELD SG ขนาด 2.5 แกลลอน สีเบส A,https://www.thaiwatsadu.com/th/sku/60316874,100
CORRECT,NO,สีรองพื้นโลหะ KOBE สีเทา 1 แกลลอน,https://www.megahome.co.th/p/283993,สีรองพื้นกันสนิม Kobe ขนาด 1 แกลอน สีเทา,https://www.thaiwatsadu.com/th/sku/60154186,สีรองพื้นกันสนิม Kobe ขนาด 1 แกลอน สีเทา,https://www.thaiwatsadu.com/th/sku/60154186,95
CORRECT,NO,สีรองพื้นโลหะ KOBE สีเทา 5 แกลลอน,https://www.megahome.co.th/p/283995,สีรองพื้นกันสนิม Kobe ขนาด 5 แกลอน สีเทา,https://www.thaiwatsadu.com/th/sku/60154184,สีรองพื้นกันสนิม Kobe ขนาด 5 แกลอน สีเทา,https://www.thaiwatsadu.com/th/sku/60154184,95
CORRECT,NO,สีรองพื้นปูนใหม่ DELTA NATIONAL 1660 5 แกลลอน,https://www.megahome.co.th/p/1119484,สีรองพื้นปูนกันด่าง NATIONAL รุ่น 1660 ขนาด 5 แกลอน สีขาว,https://www.thaiwatsadu.com/th/sku/60120182,สีรองพื้นปูนกันด่าง NATIONAL รุ่น 1660 ขนาด 5 แกลอน สีขาว,https://www.thaiwatsadu.com/th/sku/60120182,100
CORRECT,NO,สีรองพื้นอเนกประสงค์ TOPTECH COATFLEX 2.5GL,https://www.megahome.co.th/p/1127042,สีรองพื้นปูนอเนกประสงค์ DELTA รุ่นท็อปเทคโค้ดเฟล็ก ขนาด 2.5 แกลลอน สีขาว,https://www.thaiwatsadu.com/th/sku/60312088,สีรองพื้นปูนอเนกประสงค์ DELTA รุ่นท็อปเทคโค้ดเฟล็ก ขนาด 2.5 แกลลอน สีขาว,https://www.thaiwatsadu.com/th/sku/60312088,95
INCORRECT,YES,สีรองพื้นปูนอเนกประสงค์ JBP SUPREME PRIMER 2900 15 ลิตร,https://www.megahome.co.th/p/1224928,สีรองพื้นปูนใหม่ JBP รุ่น SUPREME PRIMER ขนาด 2.5 แกลลอน สีขาว,https://www.thaiwatsadu.com/th/sku/60303318,สีรองพื้นปูนอเนกประสงค์ JBP รุ่น Supreme Primer ขนาด 15 ลิตร สีขาว #2900,https://www.thaiwatsadu.com/th/sku/60376646,100
CORRECT,NO,สีรองพื้นอเนกประสงค์ DULUX WEATHERSHIELD POWERPLUS HYDRO PRIMER 9 ลิตร,https://www.megahome.co.th/p/1173756,สีรองพื้นปูนอเนกประสงค์ สูตรน้ำ DULUX รุ่นเพาเวอร์พลัส ไฮโดรไพร์เมอร์ ขนาด 9 ลิตร สีขาว,https://www.thaiwatsadu.com/th/sku/60343961,สีรองพื้นปูนอเนกประสงค์ สูตรน้ำ DULUX รุ่นเพาเวอร์พลัส ไฮโดรไพร์เมอร์ ขนาด 9 ลิตร สีขาว,https://www.thaiwatsadu.com/th/sku/60343961,100
CORRECT,NO,สีรองพื้นอเนกประสงค์ JBP 2000 5 แกลลอน,https://www.megahome.co.th/p/1237113,สีรองพื้นปูนอเนกประสงค์ สูตรน้ำมัน JBP รุ่น Multipurpose Primer ขนาด 5 แกลลอน สีขาว #2000,https://www.thaiwatsadu.com/th/sku/60396044,สีรองพื้นปูนอเนกประสงค์ สูตรน้ำมัน JBP รุ่น Multipurpose Primer ขนาด 5 แกลลอน สีขาว #2000,https://www.thaiwatsadu.com/th/sku/60396044,95
CORRECT,NO,สีรองพื้นอเนกประสงค์ BEGER BEN-TONE PLUS 2 IN 1 ด้าน 5 แกลลอน,https://www.megahome.co.th/p/1246524,สีรองพื้นปูนอเนกประสงค์สูตรน้ำ BEGER รุ่น BEN-TONE PLUS ขนาด 5 แกลลอน สีขาว #BT-1000,https://www.thaiwatsadu.com/th/sku/60394555,สีรองพื้นปูนอเนกประสงค์สูตรน้ำ BEGER รุ่น BEN-TONE PLUS ขนาด 5 แกลลอน สีขาว #BT-1000,https://www.thaiwatsadu.com/th/sku/60394555,100
CORRECT,NO,สีรองพื้นอเนกประสงค์ DULUX POWERPLUS 5 แกลลอน,https://www.megahome.co.th/p/245704,สีรองพื้นปูนเก่า DULUX รุ่น เวเธอร์ชีลด์พาวเวอร์พลัส 1000 ขนาด 5 แกลลอน สี A5421000 ขาว,https://www.thaiwatsadu.com/th/sku/60117399,สีรองพื้นปูนเก่า DULUX รุ่น เวเธอร์ชีลด์พาวเวอร์พลัส 1000 ขนาด 5 แกลลอน สี A5421000 ขาว,https://www.thaiwatsadu.com/th/sku/60117399,95
NOT_FOUND,NO,สีรองพื้นอเนกประสงค์ NIPPON PAINT FLEXISEAL 10 กก.,https://www.megahome.co.th/p/1085484,สีรองพื้นปูนเก่า ผนังภายนอก NIPPON รุ่น เฟล็กซี่ ซีล ขนาด 10 กก. สีขาว,https://www.thaiwatsadu.com/th/sku/60281308,,,0
INCORRECT,YES,สีรองพื้นอเนกประสงค์ NIPPON PAINT FLEXISEAL 20 กก.,https://www.megahome.co.th/p/290960,สีรองพื้นปูนเก่า ผนังภายนอก NIPPON รุ่น เฟล็กซี่ ซีล ขนาด 20 กก. สีขาว,https://www.thaiwatsadu.com/th/sku/60207245,สีรองพื้นปูนใหม่ NIPPON รุ่น จูเนียร์ 99 ขนาด 17.5 ลิตร. สีขาว,https://www.thaiwatsadu.com/th/sku/60193804,85
CORRECT,NO,สีรองพื้นปูนใหม่ DELTA TOPTECH COAT สีขาว 2.5 แกลลอน,https://www.megahome.co.th/p/1127043,สีรองพื้นปูนใหม่ DELTA รุ่นท็อปเทคโค้ดไวท์ ขนาด 2.5 แกลลอน สีขาว,https://www.thaiwatsadu.com/th/sku/60312102,สีรองพื้นปูนใหม่ DELTA รุ่นท็อปเทคโค้ดไวท์ ขนาด 2.5 แกลลอน สีขาว,https://www.thaiwatsadu.com/th/sku/60312102,100
CORRECT,NO,สีรองพื้นปูนใหม่ DULUX PRIMERSHIELD #1010 ด้าน 5 แกลลอน,https://www.megahome.co.th/p/1000340,สีรองพื้นปูนใหม่ DULUX รุ่น ไพร์เมอร์ชีลด์ 1010 ขนาด 5 แกลอน สีขาว,https://www.thaiwatsadu.com/th/sku/60207269,สีรองพื้นปูนใหม่ DULUX รุ่น ไพร์เมอร์ชีลด์ 1010 ขนาด 5 แกลอน สีขาว,https://www.thaiwatsadu.com/th/sku/60207269,95
CORRECT,NO,สีรองพื้นปูนใหม่ TOA HOMECOTE 1000 ด้าน 5 แกลลอน,https://www.megahome.co.th/p/1231878,สีรองพื้นปูนใหม่ HOMECOTE ขนาด 5 แกลอน สี 0000 ขาว,https://www.thaiwatsadu.com/th/sku/60184893,สีรองพื้นปูนใหม่ HOMECOTE ขนาด 5 แกลอน สี 0000 ขาว,https://www.thaiwatsadu.com/th/sku/60184893,95
CORRECT,NO,สีรองพื้นปูนอเนกประสงค์ JOTUN JOTASHIELD PRIMER 5 แกลลอน,https://www.megahome.co.th/p/180397,สีรองพื้นปูนใหม่ JOTUN รุ่น โจตาชิลด์ ขนาด 5 แกลอน สีขาว,https://www.thaiwatsadu.com/th/sku/60000400,สีรองพื้นปูนใหม่ JOTUN รุ่น โจตาชิลด์ ขนาด 5 แกลอน สีขาว,https://www.thaiwatsadu.com/th/sku/60000400,100
CORRECT,NO,สีรองพื้นปูนใหม่ NIPPON PAINT JUNIOR99 5 แกลลอน,https://www.megahome.co.th/p/240744,สีรองพื้นปูนใหม่ NIPPON รุ่น จูเนียร์ 99 ขนาด 17.5 ลิตร. สีขาว,https://www.thaiwatsadu.com/th/sku/60193804,สีรองพื้นปูนใหม่ NIPPON รุ่น จูเนียร์ 99 ขนาด 17.5 ลิตร. สีขาว,https://www.thaiwatsadu.com/th/sku/60193804,95
CORRECT,NO,สีรองพื้นปูนใหม่ BEGER PROFESSIONAL PRO-100 5 แกลลอน,https://www.megahome.co.th/p/1119040,สีรองพื้นปูนใหม่สูตรน้ำ BEGER รุ่น โปร 100 ขนาด 5 แกลอน สีขาว,https://www.thaiwatsadu.com/th/sku/60243493,สีรองพื้นปูนใหม่สูตรน้ำ BEGER รุ่น โปร 100 ขนาด 5 แกลอน สีขาว,https://www.thaiwatsadu.com/th/sku/60243493,100
INCORRECT,YES,สีเคลือบกันสนิม JBP AAA 2IN1 #G8002 สีดำ 3 ลิตร,https://www.megahome.co.th/p/1191632,สีรองพื้นและทับหน้ากันสนิม JBP รุ่น AAA 2in1 ขนาด 1 แกลลอน สีดำ #G8002,https://www.thaiwatsadu.com/th/sku/60361541,สีเคลือบ ชนิดด้าน CAPTAIN รุ่น MARK 2IN1 RUST TECH ขนาด 3 ลิตร สีดำด้าน #MF800,https://www.thaiwatsadu.com/sku/60419708,95
CORRECT,NO,สีรองพื้นอุตสาหกรรม JOTUN PENGUARD HARDENER B สีใส 0.6 ลิตร,https://www.megahome.co.th/p/1177846,สีอุตสาหกรรม JOTUN รุ่น PENGUARD ENAMEL COM B ขนาด 0.6 ลิตร สีใส,https://www.thaiwatsadu.com/th/sku/60330986,สีอุตสาหกรรม JOTUN รุ่น PENGUARD ENAMEL COM B ขนาด 0.6 ลิตร สีใส,https://www.thaiwatsadu.com/th/sku/60330986,70
CORRECT,NO,สีน้ำมันกันสนิม ชนิดด้าน WOODTECT HERO RUSTTECH 2 IN 1 H2-888 สีดำ 1 แกลลอน,https://www.megahome.co.th/p/1135133,สีเคลือบกันสนิม 2 in 1 HERO รุ่น H2-888 ขนาด 1 แกลลอน สีดำ,https://www.thaiwatsadu.com/th/sku/60326395,สีเคลือบกันสนิม 2 in 1 HERO รุ่น H2-888 ขนาด 1 แกลลอน สีดำ,https://www.thaiwatsadu.com/th/sku/60326395,95
CORRECT,NO,สีน้ำมัน BEGERSHIELD GRIPTECH 2IN1 BR800 สีดำ เงา 1 แกลลอน,https://www.megahome.co.th/p/1177358,สีเคลือบกันสนิม 2 in 1 เงา เบเยอร์ชิลด์ กริปเทค รุ่น BR800 ขนาด 1 แกลลอน สีดำ,https://www.thaiwatsadu.com/th/sku/60351475,สีเคลือบกันสนิม 2 in 1 เงา เบเยอร์ชิลด์ กริปเทค รุ่น BR800 ขนาด 1 แกลลอน สีดำ,https://www.thaiwatsadu.com/th/sku/60351475,95
CORRECT,NO,น้ำยาเคลือบหิน BEGER PU HYBRID A200 1 แกลลอน,https://www.megahome.co.th/p/1191323,สีเคลือบเงาอะคริลิก BEGER รุ่น A-200 สูตรน้ำ พียูไฮบริด ขนาด 1 แกลลอน สีใส,https://www.thaiwatsadu.com/th/sku/60365815,สีเคลือบเงาอะคริลิก BEGER รุ่น A-200 สูตรน้ำ พียูไฮบริด ขนาด 1 แกลลอน สีใส,https://www.thaiwatsadu.com/th/sku/60365815,100
CORRECT,NO,น้ำยาเคลือบเงาใสกันซึม BEGER #A-100 1 แกลลอน,https://www.megahome.co.th/p/1086976,สีเคลือบเงาอะครีลิก A-100 BEGER รุ่น FBACGG100 ขนาด 1 แกลลอน สีใส,https://www.thaiwatsadu.com/th/sku/60281244,สีเคลือบเงาอะครีลิก A-100 BEGER รุ่น FBACGG100 ขนาด 1 แกลลอน สีใส,https://www.thaiwatsadu.com/th/sku/60281244,95
CORRECT,NO,หน้าต่างบานเปิด UPVC มุ้ง WINDOW ASIA 60X110 ซม. สีขาว,https://www.megahome.co.th/p/1165840,หน้าต่างบานเปิด UPVC พร้อมมุ้ง FRAMEX ขนาด 60 x 110 ซม. สีขาว,https://www.thaiwatsadu.com/th/sku/60365144,หน้าต่างบานเปิด UPVC พร้อมมุ้ง FRAMEX ขนาด 60 x 110 ซม. สีขาว,https://www.thaiwatsadu.com/th/sku/60365144,100
CORRECT,NO,หน้าต่างบานเลื่อน อะลูมิเนียม S-S มุ้ง WINDOW ASIA F10 100X110 ซม. สีขาว,https://www.megahome.co.th/p/1164214,หน้าต่างอะลูมิเนียมบานเลื่อน FRAMEX รุ่น 2 บาน+มุ้ง SS ขนาด 100 x 110 ซม. สีขาว,https://www.thaiwatsadu.com/th/sku/60277547,หน้าต่างอะลูมิเนียมบานเลื่อน FRAMEX รุ่น 2 บาน+มุ้ง SS ขนาด 100 x 110 ซม. สีขาว,https://www.thaiwatsadu.com/th/sku/60277547,95
CORRECT,NO,หน้าต่างบานเลื่อน อะลูมิเนียม S-S มุ้ง WINDOW ASIA F10 120X110 ซม. สีขาว,https://www.megahome.co.th/p/1164147,หน้าต่างอะลูมิเนียมบานเลื่อน FRAMEX รุ่น 2 บาน+มุ้ง SS ขนาด 120 x 110 ซม. สีขาว,https://www.thaiwatsadu.com/th/sku/60277548,หน้าต่างอะลูมิเนียมบานเลื่อน FRAMEX รุ่น 2 บาน+มุ้ง SS ขนาด 120 x 110 ซม. สีขาว,https://www.thaiwatsadu.com/th/sku/60277548,95
CORRECT,NO,หน้าต่างบานเลื่อน อะลูมิเนียม S-S มุ้ง WINDOW ASIA F10 120X110 ซม. สีดำ,https://www.megahome.co.th/p/1164146,หน้าต่างอะลูมิเนียมบานเลื่อน FRAMEX รุ่น 2 บาน+มุ้ง SS ขนาด 120 x 110 ซม. สีดำ,https://www.thaiwatsadu.com/th/sku/60277555,หน้าต่างอะลูมิเนียมบานเลื่อน FRAMEX รุ่น 2 บาน+มุ้ง SS ขนาด 120 x 110 ซม. สีดำ,https://www.thaiwatsadu.com/th/sku/60277555,70
CORRECT,NO,หน้าต่างบานเลื่อน อะลูมิเนียม S-S มุ้ง WINDOW ASIA F10 150X110 ซม. สีขาว,https://www.megahome.co.th/p/1164235,หน้าต่างอะลูมิเนียมบานเลื่อน FRAMEX รุ่น 2 บาน+มุ้ง SS ขนาด 150 x 110 ซม. สีขาว,https://www.thaiwatsadu.com/th/sku/60277549,หน้าต่างอะลูมิเนียมบานเลื่อน FRAMEX รุ่น 2 บาน+มุ้ง SS ขนาด 150 x 110 ซม. สีขาว,https://www.thaiwatsadu.com/th/sku/60277549,90
CORRECT,NO,หน้าต่างบานเลื่อน อะลูมิเนียม S-S มุ้ง WINDOW ASIA F10 150X110 ซม. สีดำ,https://www.megahome.co.th/p/1164236,หน้าต่างอะลูมิเนียมบานเลื่อน FRAMEX รุ่น 2 บาน+มุ้ง SS ขนาด 150 x 110 ซม. สีดำ,https://www.thaiwatsadu.com/th/sku/60277556,หน้าต่างอะลูมิเนียมบานเลื่อน FRAMEX รุ่น 2 บาน+มุ้ง SS ขนาด 150 x 110 ซม. สีดำ,https://www.thaiwatsadu.com/th/sku/60277556,95
CORRECT,NO,หน้าต่างบานเลื่อน อะลูมิเนียม F-S-S-F มุ้ง WINDOW ASIA F10 240X110 ซม. สีขาว,https://www.megahome.co.th/p/1164157,หน้าต่างอะลูมิเนียมบานเลื่อน FRAMEX รุ่น 4 บาน+มุ้ง FSSF ขนาด 240 x 110 ซม. สีขาว,https://www.thaiwatsadu.com/th/sku/60321035,หน้าต่างอะลูมิเนียมบานเลื่อน FRAMEX รุ่น 4 บาน+มุ้ง FSSF ขนาด 240 x 110 ซม. สีขาว,https://www.thaiwatsadu.com/th/sku/60321035,95
INCORRECT,YES,โพลียูรีเทนภายนอก BEGER 1K SUPREME OUTDOOR PM9800 สีใส ด้าน 3 ลิตร,https://www.megahome.co.th/p/1198027,โพลียูรีเทน 1K BEGER รุ่น ซูพรีม PG-9900 ขนาด 3 ลิตร สีใส เงา,https://www.thaiwatsadu.com/th/sku/60361802,โพลียูรีเทน 1K BEGER รุ่น ซูพรีม PM-9800 ขนาด 3 ลิตร สีใส ด้าน,https://www.thaiwatsadu.com/th/sku/60361804,100
CORRECT,NO,ไม้ผนัง WPC THAISUN ลอนเล็ก 17.5X2.75X300 ซม. สีสัก,https://www.megahome.co.th/p/1230815,ไม้ผนัง WPC ร่องเล็ก 1 นิ้ว THAISUN รุ่น Elegant ขนาด 17.5 x 300 x 2.75 ซม. สีสัก,https://www.thaiwatsadu.com/th/sku/60375367,ไม้ผนัง WPC ร่องเล็ก 1 นิ้ว THAISUN รุ่น Elegant ขนาด 17.5 x 300 x 2.75 ซม. สีสัก,https://www.thaiwatsadu.com/th/sku/60375367,95
CORRECT,NO,ไม้ฝ้า WPC THAISUN ลายไม้ 12X300X2 ซม. สีสัก,https://www.megahome.co.th/p/1102662,ไม้ฝ้า WPC THAISUN รุ่น ลายไม้ ขนาด 12 x 300 x 2 ซม. สีสัก,https://www.thaiwatsadu.com/th/sku/60375392,ไม้ฝ้า WPC THAISUN รุ่น ลายไม้ ขนาด 12 x 300 x 2 ซม. สีสัก,https://www.thaiwatsadu.com/th/sku/60375392,100
CORRECT,NO,ไม้พื้น THAISUN 13.5X240X2.5 ซม. สีน้ำตาลช็อกโกแลต,https://www.megahome.co.th/p/1000952,ไม้พื้น WPC THAISUN รุ่น ลายร่อง - ลายไม้ ขนาด 13.5 x 240 x 2.5 ซม. สีน้ำตาลช็อกโกแลต,https://www.thaiwatsadu.com/th/sku/60375383,ไม้พื้น WPC THAISUN รุ่น ลายร่อง - ลายไม้ ขนาด 13.5 x 240 x 2.5 ซม. สีน้ำตาลช็อกโกแลต,https://www.thaiwatsadu.com/th/sku/60375383,100
CORRECT,NO,ไม้พื้น THAISUN 13.5X240X2.5 ซม. สีไม้สัก,https://www.megahome.co.th/p/1000957,ไม้พื้น WPC THAISUN รุ่น ลายร่อง-ลายไม้ ขนาด 13.5 x 240 x 2.5 ซม. สีสัก,https://www.thaiwatsadu.com/th/sku/60375385,ไม้พื้น WPC THAISUN รุ่น ลายร่อง-ลายไม้ ขนาด 13.5 x 240 x 2.5 ซม. สีสัก,https://www.thaiwatsadu.com/th/sku/60375385,95
CORRECT,NO,ไม้พื้น THAISUN 13.5X240X2.5 ซม. สีน้ำตาลแดง,https://www.megahome.co.th/p/1016940,ไม้พื้น WPC THAISUN รุ่น ลายร่อง-ลายไม้ ขนาด 13.5 x 240 x 2.5 ซม. สีน้ำตาลแดง,https://www.thaiwatsadu.com/th/sku/60375384,ไม้พื้น WPC THAISUN รุ่น ลายร่อง-ลายไม้ ขนาด 13.5 x 240 x 2.5 ซม. สีน้ำตาลแดง,https://www.thaiwatsadu.com/th/sku/60375384,100
INCORRECT,YES,ไม้พื้น WPC แบบตัน THAISUN 3D 2X14X240 ซม. สีสัก,https://www.megahome.co.th/p/1230910,ไม้พื้น ลายร่อง-ลายไม้ WPC THAISUN ขนาด 13.5 x 240 x 2.5 ซม.. สีโอ๊ก,https://www.thaiwatsadu.com/th/sku/60415936,ไม้พื้น WPC THAISUN รุ่น ลายร่อง-ลายไม้ ขนาด 13.5 x 240 x 2.5 ซม. สีสัก,https://www.thaiwatsadu.com/th/sku/60375385,90
CORRECT,NO,สว่านกระแทกไร้สาย (พร้อมแบตเตอรี่) PUMPKIN J-12ID1502 50208 12 โวลต์,https://www.megahome.co.th/p/1144432,สว่านกระแทกไร้สาย 12V J-Series PUMPKIN รุ่น J-12ID1502 (50208) (รวมแบต),https://www.thaiwatsadu.com/th/sku/60423050,สว่านกระแทกไร้สาย 12V J-Series PUMPKIN รุ่น J-12ID1502 (50208) (รวมแบต),https://www.thaiwatsadu.com/th/sku/60423050,100
CORRECT,NO,อ่างเปลผสมปูนทรงเหลี่ยม W.PLASTIC 230 ลิตร,https://www.megahome.co.th/p/1120224,อ่างเปลผสมปูนทรงสี่เหลี่ยม ช่างมือโปร ขนาด 240 ลิตร สีดำ,https://www.thaiwatsadu.com/th/sku/60296351,อ่างเปลผสมปูนทรงสี่เหลี่ยม ช่างมือโปร ขนาด 240 ลิตร สีดำ,https://www.thaiwatsadu.com/th/sku/60296351,95
CORRECT,NO,อ่างเปลผสมปูนทรงเหลี่ยม W.PLASTIC 230 ลิตร สีฟ้า,https://www.megahome.co.th/p/1115513,อ่างเปลผสมปูนทรงสี่เหลี่ยม ช่างมือโปร ขนาด 240 ลิตร สีฟ้า,https://www.thaiwatsadu.com/th/sku/60309331,อ่างเปลผสมปูนทรงสี่เหลี่ยม ช่างมือโปร ขนาด 240 ลิตร สีฟ้า,https://www.thaiwatsadu.com/th/sku/60309331,95
CORRECT,NO,ถังดับเพลิงผงเคมีแห้ง IMPERIAL 2A2B 2.2 ปอนด์,https://www.megahome.co.th/p/1163545,เครื่องดับเพลิงชนิดผงเคมีแห้ง FIREMAN PRO รุ่น 1A1B ขนาด 2.2 ปอนด์ สีแดง,https://www.thaiwatsadu.com/th/sku/60292153,เครื่องดับเพลิงชนิดผงเคมีแห้ง FIREMAN PRO รุ่น 1A1B ขนาด 2.2 ปอนด์ สีแดง,https://www.thaiwatsadu.com/th/sku/60292153,95
NOT_FOUND,NO,ข้องอพีวีซี 90 องศา SCG 3 นิ้ว สีฟ้า,https://www.megahome.co.th/p/1055353,ข้องอ 90 องศา บาง ตรามือ รุ่น 55103 ขนาด 3 นิ้ว สีฟ้า,https://www.thaiwatsadu.com/th/sku/60184787,,,0
INCORRECT,YES,ข้อต่อยูเนี่ยน-หนา SCG 1 นิ้ว สีฟ้า,https://www.megahome.co.th/p/1055323,ข้อต่อยูเนี่ยน PVC 1 นิ้ว ตรามือ รุ่น 356-51N สีฟ้า,https://www.thaiwatsadu.com/th/sku/60406652,ข้อต่อตรงหนา SCG ขนาด 1 นิ้ว สีฟ้า,https://www.thaiwatsadu.com/th/sku/60378329,95
INCORRECT,YES,ท่อประปา SCG CLASS 13.5 1 นิ้ว 4 เมตร สีฟ้า,https://www.megahome.co.th/p/1055063,ท่อ PVC ชั้น 13.5 ตรามือ รุ่น 56-13.5 (1) ขนาด 1 นิ้ว ยาว 4 เมตร สีฟ้า,https://www.thaiwatsadu.com/th/sku/60225498,ท่อ PVC 1 นิ้ว ชั้นคุณภาพ 13.5 SCG ยาว 4 เมตร สีฟ้า,https://www.thaiwatsadu.com/th/sku/60378259,100
INCORRECT,YES,ท่อประปา SCG CLASS 13.5 2 นิ้ว 4 เมตร สีฟ้า,https://www.megahome.co.th/p/1055048,ท่อ PVC ชั้น 13.5 ตรามือ รุ่น 56-13.5 (2) ขนาด 2 นิ้ว ยาว 4 เมตร สีฟ้า,https://www.thaiwatsadu.com/th/sku/60225501,ท่อ PVC 2 นิ้ว ชั้นคุณภาพ 13.5 SCG ยาว 4 เมตร สีฟ้า,https://www.thaiwatsadu.com/th/sku/60378262,100
INCORRECT,YES,ท่อประปา SCG CLASS 5 1 1/2 นิ้ว 4 เมตร สีฟ้า,https://www.megahome.co.th/p/1133862,ท่อ PVC ชั้น 5 ตรามือ รุ่น 56-5(1 1/2) ขนาด 1 1/2 นิ้ว ยาว 4 เมตร สีฟ้า,https://www.thaiwatsadu.com/th/sku/60225473,ท่อ PVC ชั้น 5 SCG ขนาด 1 1/2 นิ้ว ยาว 4 เมตร สีฟ้า,https://www.thaiwatsadu.com/th/sku/60378239,100
INCORRECT,YES,ท่อประปา SCG CLASS 5 6 นิ้ว 4 ม. สีฟ้า,https://www.megahome.co.th/p/1133720,ท่อ PVC ชั้น 5 ตรามือ รุ่น 56-5(6) ขนาด 6 นิ้ว ยาว 4 เมตร สีฟ้า,https://www.thaiwatsadu.com/th/sku/60225480,ท่อ PVC ชั้น 5 SCG ขนาด 4 นิ้ว ยาว 4 เมตร สีฟ้า,https://www.thaiwatsadu.com/th/sku/60378241,95
INCORRECT,YES,ท่อประปา SCG CLASS 8.5 4 นิ้ว 4 เมตร สีฟ้า,https://www.megahome.co.th/p/1055106,ท่อ PVC ชั้น 8.5 ปลายบาน ตรามือ รุ่น 56-8.5 (4)บาน ขนาด 4 นิ้ว ยาว 4 เมตร สีฟ้า,https://www.thaiwatsadu.com/th/sku/60225511,ท่อ PVC ชั้น 8.5 SCG ขนาด 4 นิ้ว ยาว 4 เมตร สีฟ้า,https://www.thaiwatsadu.com/th/sku/60378250,100
INCORRECT,YES,ท่อประปา SCG CLASS 8.5 1 1/2 นิ้ว 4 เมตร สีฟ้า,https://www.megahome.co.th/p/1054929,ท่อ PVC ชั้น 8.5 ตรามือ รุ่น 56-8.5 (1.1/2) ขนาด 11/2 นิ้ว ยาว 4 เมตร สีฟ้า,https://www.thaiwatsadu.com/th/sku/60225485,ท่อ PVC ชั้น 8.5 SCG ขนาด 1 1/2 นิ้ว ยาว 4 เมตร สีฟ้า,https://www.thaiwatsadu.com/th/sku/60378248,100
INCORRECT,YES,ท่อประปา SCG CLASS 8.5 6 นิ้ว 4 เมตร สีฟ้า,https://www.megahome.co.th/p/1133845,ท่อ PVC ชั้น 8.5 ตรามือ รุ่น 56-8.5 (6) ขนาด 6 นิ้ว ยาว 4 เมตร สีฟ้า,https://www.thaiwatsadu.com/th/sku/60225491,ท่อ PVC ชั้น 8.5 SCG ขนาด 4 นิ้ว ยาว 4 เมตร สีฟ้า,https://www.thaiwatsadu.com/th/sku/60378250,95
INCORRECT,YES,บอลวาล์ว PVC SCG 1 นิ้ว สีฟ้า,https://www.megahome.co.th/p/1055394,บอลล์วาล์ว PVC ตรามือ รุ่น 50003 ขนาด 1 นิ้ว สีฟ้า,https://www.thaiwatsadu.com/th/sku/60342802,บอลวาล์ว SCG ขนาด 1 นิ้ว สีฟ้า,https://www.thaiwatsadu.com/th/sku/60378273,100
INCORRECT,YES,ข้อต่อสามทาง-หนา SCG 2 นิ้ว สีฟ้า,https://www.megahome.co.th/p/1054917,สามทาง ตรามือ รุ่น 50605 ขนาด 2 นิ้ว สีฟ้า,https://www.thaiwatsadu.com/th/sku/60184725,ข้องอหนา 90 องศา SCG ขนาด 2 นิ้ว สีฟ้า,https://www.thaiwatsadu.com/th/sku/60378356,90
